"MOVIE","RATING","POPULARITY"
"The Shawshank Redemption","2660243.6100000003","2860477"
"The Dark Knight","2574429.3000000003","2841751"
"Inception","2517219.7600000002","2523304"
"Fight Club","2517219.7600000002","2295784"
"Game of Thrones","2631638.84","2258782"
"Forrest Gump","2517219.7600000002","2232780"
"Pulp Fiction","2545824.5300000003","2196531"
"Breaking Bad","2717453.15","2106114"
"Interstellar","2488614.9899999998","2061582"
"The Matrix","2488614.9899999998","2032381"
