"MOVIE","RATING","POPULARITY"
"The Shawshank Redemption","2661314.97","2861629"
"The Dark Knight","2575466.1","2842886"
"Inception","2518233.5200000005","2524417"
"Fight Club","2518233.5200000005","2296959"
"Game of Thrones","2632698.6799999997","2259830"
"Forrest Gump","2518233.5200000005","2233793"
"Pulp Fiction","2546849.81","2197444"
"Breaking Bad","2718547.55","2107371"
"Interstellar","2489617.2299999995","2063059"
"The Matrix","2489617.2299999995","2033148"
